sample_id	state.id	cell.type.id	..filter..	IGKV1.12	IGKV1.13	IGKV1.16	IGKV1.17	IGKV1.27	IGKV1.33	IGKV1.37	IGKV1.39	IGKV1.5	IGKV1.6	IGKV1.8	IGKV1.9	IGKV1D.12	IGKV1D.13	IGKV1D.16	IGKV1D.17	IGKV1D.33	IGKV1D.37	IGKV1D.39	IGKV1D.43	IGKV1D.8	IGKV2.18	IGKV2.24	IGKV2.26	IGKV2.28	IGKV2.29	IGKV2.30	IGKV2.4	IGKV2.40	IGKV2D.14	IGKV2D.24	IGKV2D.28	IGKV2D.29	IGKV2D.30	IGKV3.11	IGKV3.15	IGKV3.20	IGKV3.7	IGKV3D.11	IGKV3D.15	IGKV3D.20	IGKV3D.7	IGKV4.1	IGKV5.2	IGKV6.21	IGKV6D.21	IGKV6D.41	IGKV7.3	IGLV1.36	IGLV1.40	IGLV1.41	IGLV1.44	IGLV1.47	IGLV1.51	IGLV10.54	IGLV2.11	IGLV2.14	IGLV2.18	IGLV2.23	IGLV2.5	IGLV2.8	IGLV3.1	IGLV3.10	IGLV3.12	IGLV3.16	IGLV3.19	IGLV3.21	IGLV3.22	IGLV3.25	IGLV3.27	IGLV3.32	IGLV3.9	IGLV4.3	IGLV4.60	IGLV4.69	IGLV5.37	IGLV5.45	IGLV5.48	IGLV5.52	IGLV6.57	IGLV7.43	IGLV7.46	IGLV8.61	IGLV9.49	IGLVI.70
CVID-2-Bright	CVID	Bright	conv:MiXcr	0.0156862729411767	0.0021116136651584	0.0120663638009051	0.00482654552036204	0.00361990914027153	0.0138763183710409	0	0.0624434326696839	0.149019592941178	0.00120663638009051	0.00180995457013577	0.0298642504072401	0.000904977285067884	0.00633484099547519	0	0	0.010558068325792	0	0.0298642504072401	0	0	0	0.000904977285067884	0	0.0473604779185525	0	0.0271493185520365	0	0.00814479556561095	0	0	0.015384613846154	0.00361990914027153	0	0.163197570407241	0.122775251674209	0.0527903416289598	0	0	0.00180995457013577	0.000301659095022628	0	0.158974343076925	0.00180995457013577	0.00361990914027153	0	0	0	0	0	0	0.00180995457013577	0.00150829547511314	0	0	0.00241327276018102	0.00814479556561095	0	0.0021116136651584	0	0.000301659095022628	0.00512820461538467	0.000904977285067884	0	0	0	0	0	0.00331825004524891	0	0	0	0	0.000301659095022628	0	0	0.0220211139366518	0	0	0	0	0	0	0	0
CVID-2-Naive	CVID	Naive	conv:MiXcr	0.0134615371153848	0.000641025576923084	0.00662393096153854	0.00534187980769237	0.00256410230769234	0.023076920769231	0.000641025576923084	0.0709401638461546	0.0980769132692317	0.00235042711538464	0.0185897417307694	0.0226495703846156	0.000213675192307695	0.00534187980769237	0	0	0.0115384603846155	0.00149572634615386	0.0540598236538467	0.000427350384615389	0.000213675192307695	0.000213675192307695	0.00106837596153847	0.000213675192307695	0.0260683734615387	0	0.0213675192307694	0	0.00341880307692312	0	0	0.017521365769231	0.000427350384615389	0.00106837596153847	0.0985042636538471	0.130982892884617	0.0747863173076931	0.000213675192307695	0	0.000427350384615389	0.000641025576923084	0.000213675192307695	0.152350412115386	0.000854700769230779	0.000427350384615389	0	0	0	0	0.00106837596153847	0	0.000213675192307695	0.00106837596153847	0	0	0.000854700769230779	0.0188034169230771	0	0.00277777750000003	0	0.000213675192307695	0.0519230717307698	0.00491452942307698	0	0.000213675192307695	0.0102564092307693	0.000213675192307695	0.000641025576923084	0.025213672692308	0.000213675192307695	0	0	0	0	0	0.000854700769230779	0.0106837596153847	0	0.000213675192307695	0	0.000213675192307695	0	0.000213675192307695	0.000213675192307695	0
CVID-4-Bright	CVID	Bright	conv:MiXcr	0.035000685489872	0.00082678784621745	0.0232878576684582	0.0107482420008269	0.015571171103762	0.0111616359239356	0	0.128014318189335	0.0886040975196374	0.00564971694915258	0.00799228251343536	0.0326581199255893	0.000137797974369575	0	0.00179137366680447	0	0.00757888859032663	0.000413393923108725	0.0530522201322861	0	0.000964585820587025	0	0.00248036353865235	0	0.0542924019016123	0	0.0413393923108723	0	0.00179137366680447	0	0	0.0287997766432412	0.0241146455146757	0.000137797974369575	0.0168113528730882	0.0112994338983052	0.00620090884663088	0	0	0	0	0	0.288273362381155	0.000688989871847875	0	0	0	0	0	0.00082678784621745	0	0.00289375746176107	0.00372054530797852	0.00027559594873915	0	0.00248036353865235	0.0326581199255893	0.000137797974369575	0.0163979589499794	0	0.0005511918974783	0.0188783224886318	0.000964585820587025	0	0	0.00564971694915258	0.00124018176932617	0	0.00427173720545682	0.000137797974369575	0	0	0	0	0.0005511918974783	0.000413393923108725	0.0060631108722613	0	0	0	0.00151577771806532	0.00027559594873915	0.000137797974369575	0.00027559594873915	0
CVID-4-Naive	CVID	Naive	conv:MiXcr	0.0180489883111304	0	0.0176192504941987	0.0116029210571552	0.00515685380318011	0.0214868908465838	0	0.0799312339492915	0.0636011969058881	0.00429737816931676	0.027932958100559	0.0296519093682857	0	0	0.00128921345079503	0	0.00816501852170185	0	0.0403953547915776	0	0	0	0.00128921345079503	0	0.0395358791577142	0	0.015900299226472	0	0.00386764035238508	0	0	0.0275032202836273	0.0180489883111304	0.0017189512677267	0.118607637473142	0.0752041179630432	0.0485603733132794	0	0.000429737816931676	0	0.000859475633863352	0	0.229909732058447	0	0.00128921345079503	0	0	0	0	0	0	0	0.00730554288783849	0	0	0	0.00386764035238508	0	0.00214868908465838	0	0	0.0335195497206707	0.000859475633863352	0	0	0.0154705614095403	0	0	0.0193382017619254	0.000429737816931676	0	0	0	0	0	0	0.00300816471852173	0	0	0	0.0017189512677267	0	0	0.000429737816931676	0
CVID-5-Bright	CVID	Bright	conv:MiXcr	0.0086771248343986	0	0.00131706359093551	0.00658531795467751	0.00844470184776293	0.0342823905287625	0.000697268959907032	0.0762347396165033	0.0538833957350387	0.00429982525276003	0.010536508727484	0.0248692595700174	0	0	0.00100716627542127	0	0.0139066420337013	0.000193685822196398	0.0374588380127837	0.000154948657757118	0.00166569807088902	7.74743288785591e-05	0.000426108808832075	0	0.0200658511795468	0	0.0130156872515979	0	0.00414487659500291	0	0	0.0130544244160372	0.000581057466589193	0.000464845973271355	0.0739105097501464	0.100987787693203	0.0735231381057539	0	0.00116211493317839	0	0.00429982525276003	0.000193685822196398	0.102885908750728	0.000464845973271355	0.000736006124346312	0.000503583137710634	0	0	0.00201433255084254	0.00588804899477048	0	0.0333139614177805	0.0277358097385241	0.0111175661940732	0	0.0265736948053457	0.0741816699012214	3.87371644392796e-05	0.0460584885183039	0.000116211493317839	0.00852217617664149	0.0273871752585706	0.0047259340615921	0	0.00139453791981407	0.0037962421150494	0.00856091334108076	0	0.00522951719930273	0.000348634479953516	0	0.000503583137710634	0	0.00143327508425334	0.00232422986635678	0.000658531795467752	0.00244044135967461	3.87371644392796e-05	7.74743288785591e-05	0.00259539001743173	0.00480340839047066	0.00290528733294597	0.000154948657757118	0.000348634479953516	0
CVID-5-Naive	CVID	Naive	conv:MiXcr	0.0164969291538785	0.000244140600585939	0.00477818032575337	0.00676618235909601	0.00697544573102682	0.0194963708182199	0.00108119408830916	0.053885318272182	0.0389578644077847	0.00265066937779019	0.017438614327567	0.0145089271205359	0	3.48772286551341e-05	0.0014299663748605	6.97544573102683e-05	0.0121721528006419	0.00111607131696429	0.033028735536412	0.00125558023158483	0.00641741007254468	6.97544573102683e-05	0.000871930716378353	0.000418526743861609	0.0258789036621094	0	0.0129394518310549	3.48772286551341e-05	0.00488281201171877	0	0	0.0156947528948104	0.00687081404506142	0.000976562402343755	0.0746023920933338	0.0752999366664366	0.0666852611886167	0.000174386143275671	0.000837053487723219	0	0.00282505552106586	0.000558035658482146	0.0618373264055525	0.000662667344447548	0.000523158429827012	0.000209263371930805	0	0.000104631685965402	0.00226701986258372	0.0335867711948941	0.000104631685965402	0.0393415139229912	0.0367257217738561	0.0165666836111887	0.000244140600585939	0.0240652877720424	0.0793456951904316	0.000244140600585939	0.0566754965645927	0	0.00899832499302462	0.0256347630615235	0.00156947528948104	0	0.000767299030412951	0.0121372755719867	0.0268903432931083	0.000279017829241073	0.0173688598702568	0.0029645644356864	0	0.000627790115792414	0	0.0014299663748605	0.000209263371930805	0.000906807945033487	0.00578961995675227	0.000139508914620537	0.00059291288713728	0.00422014466727122	0.00282505552106586	0.00408063575265069	0.000313895057896207	0.0013253346888951	0
CVID-6-Bright	CVID	Bright	conv:MiXcr	0.0206762171380093	0.000439919513574666	0.00553041674208151	0.00395927562217199	0.00119406725113124	0.00666163834841636	0.000188536934389143	0.0700728939479645	0.0601432820701363	0.00238813450226247	0.0214303648755658	0.0329939635180999	6.28456447963809e-05	0.00773001430995483	0.00169683240950228	0	0.00238813450226247	0	0.0381473063914031	6.28456447963809e-05	0.00169683240950228	0	6.28456447963809e-05	0	0.0124434376696834	0.00138260418552038	0.00904977285067883	0	0.0191050760180997	0	0	0.0035822017533937	0.00150829547511314	0.00075414773755657	0.0530417242081453	0.0515334287330322	0.0858471507918561	0	0.000691302092760189	0	0.00194821498868781	0.000125691289592762	0.0752890824660641	6.28456447963809e-05	0.00138260418552038	0.00075414773755657	0	0	0	0.0398441388009054	0	0.0133861223416291	0.0108094509049775	0.00307943659502266	0	0.018979384728507	0.0839617814479647	0.00251382579185523	0.0458773207013579	6.28456447963809e-05	0.0230015059954753	0.0299773725678736	0.00113122160633486	6.28456447963809e-05	0.00138260418552038	0.0264580164592763	0.0146430352375567	0	0.049522368099548	0.00389642997737561	0	0.00571895367647065	0	0.000125691289592762	0.0032679735294118	0	0.00553041674208151	0	0.000125691289592762	0.00609602754524894	0.00408496691176475	0.00282805401583714	0.00597033625565618	0.0016339867647059	0
CVID-6-Naive	CVID	Naive	conv:MiXcr	0.0140209111454374	0.000534695764020918	0.00302994266278521	0.00403992355038027	0.00647575980869777	0.0173479070104564	0.000653517044914456	0.032854084167063	0.0412309844700578	0.0039805129099335	0.00908982798835561	0.0179420134149241	0	0.00974334503327008	0.000950570247148299	0	0.0112286110444393	0.000297053202233844	0.0186549411002853	0.000297053202233844	0.00374287034814643	5.94106404467687e-05	0.000653517044914456	0	0.0238236668191541	0.00908982798835561	0.0114068429657796	0	0.00279230010099813	0	0	0.0134268047409697	0.00552518956154948	0.000297053202233844	0.0728374451877377	0.0658864002554664	0.0623217618286609	0.000118821280893537	0.000297053202233844	0	0.00350522778635936	0.000237642561787075	0.0503802230988601	0.000594106404467687	0.00142585537072245	0.000415874483127381	5.94106404467687e-05	0.000118821280893537	0.0030299426627852	0.0613711915815122	0	0.0310123543132132	0.0221601688866446	0.00611929596601716	0.000178231921340306	0.0205560815945819	0.0876306946589831	0.00243583625831752	0.0624999937500009	0	0.021803705043964	0.0462214782675862	0.0038022809885932	5.94106404467687e-05	0.00207937241563691	0.0275665371673005	0.0254871647516637	0.000237642561787075	0.0214472412012834	0.00433697675261412	0	0.00421815547172058	0	0.000950570247148299	5.94106404467687e-05	0.000118821280893537	0.00611929596601717	0	0.00047528512357415	0.000594106404467687	0.00291112138189167	0.00487167251663503	0.00160408729206276	0.00665399173003809	0
CVID-7-Bright	CVID	Bright	conv:MiXcr	0.00554668404067578	0	0	0.0111774087486345	0.00138667101016894	0.00180687434658377	0.000126061000924449	0.0415160896377848	0.00861416839650404	0.00067232533826373	0	0.0411379066350115	0.000126061000924449	0	0	0	0.000168081334565932	0.000126061000924449	0.0202538008151949	0	0	0	0.000546264337339281	0	0.0171022757920836	0	0.0042440536977898	0	0.000882427006471145	0	0	0.00844608706193811	0.00735355838725955	0.000378183002773348	0.0780737799058775	0.0392049712875032	0.211362278216652	0	0	0	0.00903437173291885	0.000378183002773348	0.0186570281368186	0	0	0	0	4.20203336414831e-05	0.000168081334565932	0.123623821573245	4.20203336414831e-05	0.0290360505462651	0.018615007803177	0.00407597236322387	0.000126061000924449	0.00134465067652746	0.0267249321959834	0.000210101668207416	0.0105891240776537	0	0.0355492022606944	0.0158836861164805	0.0082359853937307	0.000252122001848899	0.00117656934196153	0.131649705298767	0.0134465067652745	0	0.0105050834103707	0.000294142335490382	0	0.00142869134381043	0	0.000714345671905213	0.0044961756996387	0.000336162669131865	0.000714345671905213	0	4.20203336414831e-05	0.00995881907303148	0.0107151850785782	0	0.0103370020758048	0.00134465067652746	0
CVID-7-Naive	CVID	Naive	conv:MiXcr	0.00819672049180339	0	0.000537489868314976	0.00752485815640967	0.00282182180865362	0.00537489868314976	0.000134372467078744	0.0620800797903795	0.0205589874630478	0.00147809713786618	0.00362805661112609	0.0259338861461975	0	0	0.000134372467078744	0	0.00362805661112609	0.000134372467078744	0.0362805661112608	0	0.00268744934157488	0	0.00067186233539372	0	0.021499594732599	0	0.00698736828809469	0	0.000403117401236232	0	0	0.0128997568395594	0.00685299582101595	0.000134372467078744	0.0755173264982545	0.0553614564364424	0.158290766218758	0.000134372467078744	0.000134372467078744	0	0.00524052621607102	0.000268744934157488	0.0384305255845207	0	0	0.000134372467078744	0	0.000134372467078744	0.000537489868314976	0.0822359498521916	0	0.0192152627922604	0.0185434004568666	0.0102123074979845	0	0.00712174075517343	0.05240526216071	0.000268744934157488	0.0384305255845207	0	0.0279494731523787	0.0219027121338352	0.0118247771029295	0.000268744934157488	0.00147809713786618	0.0741736018274668	0.0182746555227092	0	0.0133028742407957	0.00255307687449614	0	0.00134372467078744	0	0.000403117401236232	0.00228433194033865	0.000806234802472464	0.00228433194033865	0	0.000134372467078744	0.00537489868314976	0.012093522037087	0	0.00712174075517343	0.00322493920988986	0
CVID-8-Bright	CVID	Bright	conv:MiXcr	0.0313818262681352	0	0	0.00709949512295515	0.000154336850499025	0.000102891233666017	0.000257228084165041	0.0441917848595543	0.0111636988527628	0.00344685632781155	0.000977466719827157	0.0694515827245609	0.000154336850499025	0	0	5.14456168330083e-05	0	5.14456168330083e-05	0.0173371728727238	0	0.000205782467332033	0	0.000514456168330083	0	0.0370922897365992	0.00550468100113189	0.0106492426844327	0	0.000668793018829108	0	0	0.0174915097232228	0.00318962824364651	0.000205782467332033	0.053503441506329	0.0247453416966772	0.10746989356415	5.14456168330083e-05	0.000102891233666017	0.000102891233666017	0.00277806330898244	0.00030867370099805	0.0578763189371348	5.14456168330083e-05	0	0	0	0	0	0.105257732040331	0	0	0	0.0031381826268135	0.000154336850499025	0.0115238181705938	0.051548508066675	0.00144047727132423	0.0410021566159081	5.14456168330083e-05	0.0225331801728577	0.047175630635869	0.00725383197345418	0.000102891233666017	0.00030867370099805	0.0323592929879626	0.0522173010855039	0	0.0372466265870985	0.0025208352248174	5.14456168330083e-05	0.00550468100113189	0	0.00519600730013384	0.013221523526083	0.000514456168330083	0.0144562183300753	0	5.14456168330083e-05	0.013015741058751	0.00622491963679401	0.00282950892581545	0.0103920146002676	0.0043728774308057	0
CVID-8-Naive	CVID	Naive	conv:MiXcr	0.0165361167101829	0.000124331704587842	0.00397861454681093	0.00783289738903403	0.00708690716150698	0.00422727795598662	0.000621658522939208	0.0343155504662442	0.0363048577396496	0.00646524863856777	0.0108168582991422	0.0236230238716898	0	0.000124331704587842	0.000497326818351367	0	0.00323262431928388	0	0.0208877263707573	0.000124331704587842	0.00397861454681093	0	0.00136764875046626	0	0.0287206237597913	0.00870321932114892	0.010195199776203	0	0.00186497556881763	0	0.000124331704587842	0.0160387898918316	0.00559492670645288	0.000372995113763525	0.0652741449086166	0.0594305547929881	0.0803182811637462	0.000248663409175683	0.000372995113763525	0	0.0029839609101082	0	0.0821832567325638	0.000497326818351367	0.000994653636702733	0.000372995113763525	0	0	0	0.0636578327489748	0	0.00161631215964194	0.00261096579634467	0.00833022420738539	0.00111898534129057	0.0220067117120479	0.0896431590078344	0.00074599022752705	0.0636578327489748	0	0.0197687410294668	0.0283476286460278	0.012557502163372	0	0.00198930727340547	0.0236230238716898	0.0231256970533385	0.000372995113763525	0.0512246622901906	0.00273529750093252	0	0.00261096579634467	0	0.000124331704587842	0.00074599022752705	0.000497326818351367	0.0109411900037301	0.000124331704587842	0.000248663409175683	0.00547059500186503	0.00497326818351367	0.00435160966057446	0.00397861454681093	0.00236230238716899	0
CVID-9-Bright	CVID	Bright	conv:MiXcr	0.010980542149875	0	0.00385282180697367	0.00905413124638812	0.000770564361394734	0.000770564361394734	0	0.0134848763244078	0.0306299333654407	0.0023116930841842	0.00134848763244078	0.0171450570410328	0	0	0.000192641090348683	0	0	0	0.0125216708726644	0	0.000192641090348683	0	0.000963205451743417	0	0.0236948541128881	0	0.0105952599691776	0	0.000770564361394734	0	0	0.00943941342708549	0.00635715598150655	0.000385282180697367	0.0951646986322484	0.0558659162011182	0.120015399287228	0	0	0	0.00443074507801972	0.000770564361394734	0.0471970671354274	0.000192641090348683	0.0034675396262763	0.000963205451743417	0	0	0.000192641090348683	0.107108446233867	0	0.0566364805625129	0.0693507925255258	0.0046233861683684	0	0.000385282180697367	0.00269697526488157	0	0.0046233861683684	0.000192641090348683	0.000770564361394734	0.107879010595261	0.00654979707185524	0.00057792327104605	0.00057792327104605	0.0323637031785788	0.0223463664804473	0.000192641090348683	0.0298593690040459	0.0011558465420921	0	0.000963205451743417	0.000192641090348683	0.000192641090348683	0.00500866834906577	0.00308225744557893	0.0117511065112697	0	0	0.00385282180697367	0.0156039283182434	0.00751300252359865	0.0144480817761513	0.0057792327104605	0
CVID-9-Naive	CVID	Naive	conv:MiXcr	0.0137778988702123	0	0.00585560701984026	0.00695783892945724	0.00365114320060628	0.00447781713281902	0.000344447471755309	0.041402586104988	0.0509093363254345	0.00551115954808495	0.0114356560622762	0.0191512794295951	0	0	0.000688894943510618	0	0.00241113230228716	0.000413336966106371	0.0309313829636267	0	0.00165334786442548	0.000137778988702124	0.000964452920914865	6.88894943510618e-05	0.0228024226302014	0	0.0106778716244146	0	0.00172223735877654	0	0	0.0137090093758613	0.00626894398594663	0.000413336966106371	0.0908652430490501	0.0848029675461568	0.0710939581702954	0	0.000551115954808494	0	0.00282446926839353	0.000551115954808494	0.0912785800151567	0.00103334241526593	0.00186001634747867	0.000551115954808494	0	0.000275557977404247	0.00358225370625521	0.0665472515431255	0.000137778988702124	0.0497382149214665	0.049187098966658	0.0102645346583082	0	0.000344447471755309	0.00220446381923398	0.000137778988702124	0.00316891674014884	0	0.000206668483053185	0.0542160320542854	0.00723339690686149	0.000206668483053185	0.00268669027969141	0.0195646163957015	0.0332736257715628	0.000275557977404247	0.043675939418573	0.00489115409892539	0	0.000688894943510618	0	0.00151556887572336	0.000895563426563803	0.00103334241526593	0.00806007083907423	6.88894943510618e-05	0.000344447471755309	0.00351336421190415	0.0113667665679252	0.00764673387296787	0.00592449651419132	0.00530449106503176	6.88894943510618e-05
HD-1-Bright	Healthy	Bright	conv:MiXcr	0.010199522505956	0.000148898138773081	0.0071843351958011	0.00316408544892796	0.0079288258896665	0.00387135160810009	0.000186122673466351	0.0386762915463079	0.0541244734440151	0.00565812927337704	0.00394580067748663	0.0111673604079811	3.72245346932701e-05	0	0.00134008324895772	3.72245346932701e-05	0.00357355533055393	0.000148898138773081	0.016527693403812	0	0.00186122673466351	7.44490693865403e-05	0.00156343045711735	0.000186122673466351	0.0352144098198338	0	0.0195056561792736	0	0.000670041624478862	0	3.72245346932701e-05	0.0134008324895773	0.00480196497543184	0.000856164297945213	0.066892488843806	0.0739279259008328	0.0638028524642653	0	7.44490693865403e-05	0.000446694416319242	0.00107951150610483	0.000260571742852891	0.157124760940298	0.000297796277546161	0.000744490693865403	0.000856164297945213	0	3.72245346932701e-05	0.000409469881625971	0.0386390670116147	0	0.0348049399382078	0.0235631304608401	0.00528588392644434	0.000670041624478862	0.0188356145547947	0.0763102961212018	0.00163787952650389	0.0682325720927634	3.72245346932701e-05	0.0171977350282909	0.0100133998324896	0.00387135160810009	3.72245346932701e-05	0.000483918951012512	0.00502531218359146	0.0148153648079216	7.44490693865403e-05	0.00476474044073857	0.000930613367331753	0	0.00115396057549137	0	0.000856164297945213	0.00874776565291846	0.000297796277546161	0.014740915738535	0	0.000148898138773081	0.00227069661628948	0.00908278646515789	0.012805239934485	0.0102367470406493	0.00230792115098275	7.44490693865403e-05
HD-1-Naive	Healthy	Naive	conv:MiXcr	0.0158550380520953	0.000453001087202724	0.00332200797281997	0.0067195161268404	0.00649301558323904	0.0185730445753117	0.000679501630804086	0.0380520913250289	0.0399395958550403	0.00513401232163087	0.0166100398640998	0.0158550380520953	0.000151000362400908	0.00037750090600227	0.000906002174405447	7.55001812004539e-05	0.0104945251868631	0.000604001449603632	0.022952055084938	0.00135900326160817	0.00822951975084948	0	0.000226500543601362	0.000302000724801816	0.0273310655945644	0	0.0114005273612685	0	0.00460551105322769	7.55001812004539e-05	0	0.0156285375084939	0.00460551105322769	0.000604001449603632	0.0696111670668181	0.0595696429671584	0.0369195886070221	0	0.000755001812004539	0	0.00211400507361271	0.000226500543601362	0.108342760022651	0.000453001087202724	0.000981502355605901	0.000226500543601362	0.000151000362400908	7.55001812004539e-05	0.00362400869762179	0.0505851214043042	0.000226500543601362	0.0329935791845984	0.0281615675877694	0.00468101123442814	0.00037750090600227	0.0183465440317103	0.0730841754020386	0.00120800289920726	0.0869007085617214	0	0.0119290286296717	0.0209135501925258	0.00634201522083813	7.55001812004539e-05	0.00256700616081543	0.0140430337032844	0.0242355581653458	0.00037750090600227	0.0259720623329562	0.00264250634201589	0	0.000604001449603632	0	0.000453001087202724	0.000151000362400908	0.00143450344280863	0.00407700978482451	0	0.000528501268403178	0.00588901413363541	0.00536051286523223	0.00626651503963768	0.00369950887882224	0.00520951250283132	0
HD-3-Bright	Healthy	Bright	conv:MiXcr	0.0235057061786436	0.00134318321020821	0.02619207259906	0.00537273284083282	0.0114170572867697	0.00940228247145744	0	0.0510409619879119	0.0940228247145742	0.0107454656816656	0.00201477481531231	0.0308932138347888	0	0.00604432444593693	0.00671591605104103	0	0.00604432444593693	0	0.0335795802552052	0	0	0	0.00537273284083282	0	0.0597716528542652	0	0.0543989200134324	0	0.00268636642041641	0	0.000671591605104103	0.0315648054398929	0.0282068474143723	0.00201477481531231	0.0899932750839496	0.0967091911349906	0.0530557368032242	0	0	0	0.00268636642041641	0	0.223640004499667	0.000671591605104103	0.000671591605104103	0	0	0	0	0	0	0.00201477481531231	0.000671591605104103	0	0	0.00201477481531231	0.00671591605104103	0	0.00470114123572872	0	0.00201477481531231	0.00268636642041641	0.000671591605104103	0	0	0	0	0	0	0.00134318321020821	0	0	0	0	0	0	0.00402954963062462	0	0	0	0.000671591605104103	0.00201477481531231	0	0	0
HD-3-Naive	Healthy	Naive	conv:MiXcr	0.0214455895949168	0.000198570274027007	0.00635424876886423	0.00734710013899926	0.0123113569896745	0.0510325604249409	0.0027799838363781	0.0963065829030987	0.0760524149523439	0.00794281096108029	0.00992851370135036	0.0216441598689437	0	0.0190627463065927	0.00158856219221606	0	0.0212470193208897	0.00138999191818905	0.0377283520651314	0.000397140548054014	0.00357426493248613	0.000198570274027007	0.00119142164416204	0	0.0438840305599687	0	0.0111199353455124	0	0.00476568657664817	0	0	0.0323669546664022	0.0142970597299445	0.00119142164416204	0.0974980045472607	0.101866550575855	0.052621122617157	0	0	0	0.000794281096108029	0	0.110603642633043	0.00119142164416204	0.000198570274027007	0.000198570274027007	0	0	0	0.000397140548054014	0	0.000794281096108029	0.00694995959094525	0	0	0.0027799838363781	0.0347497979547263	0	0.00456711630262117	0	0.00416997575456715	0.0389197737092934	0.000198570274027007	0	0.000198570274027007	0.0123113569896744	0.00119142164416204	0	0.00516282712470219	0.000595710822081022	0	0.000794281096108029	0	0	0	0.00714852986497226	0.0055599676727562	0	0	0	0	0	0	0.00119142164416204	0
HD-4-Bright	Healthy	Bright	conv:MiXcr	0.015807242127072	0.000153468370165748	0.00836402617403323	0.00360650669889507	0.013965621685083	0.0112031910220996	7.67341850828738e-05	0.0781154004143654	0.0769643876381223	0.00867096291436473	0.00253222810773484	0.0158839763121549	0	0.000383670925414369	0.00115101277624311	0	0.00399017762430943	7.67341850828738e-05	0.0318446868093926	7.67341850828738e-05	7.67341850828738e-05	0	0.00107427859116023	7.67341850828738e-05	0.0258594203729284	0	0.01335174820442	0	0.00122774696132598	0	0	0.0123542037983427	0.00751995013812162	0.00099754440607736	0.0851749454419898	0.109039277002764	0.105279301933703	0	0.000306936740331495	0.000153468370165748	0.00138121533149173	0.000230202555248621	0.101135655939227	0.000537139295580117	0.00168815207182322	0.000690607665745865	0	0.000153468370165748	0.000844076035911612	0.0264732938535914	0	0.0292357245165749	0.0156537737569062	0.00391344343922656	0.000153468370165748	0.0155770395718234	0.0678330196132603	0.0014579495165746	0.0281614459254146	0.000153468370165748	0.0103591149861879	0.00491098784530392	0.00191835462707185	0	0.000153468370165748	0.00414364599447518	0.0116635961325968	7.67341850828738e-05	0.00314610158839782	0.0029158990331492	0	0.00122774696132598	7.67341850828738e-05	0.00122774696132598	0.00460405110497242	0.000153468370165748	0.0113566593922653	0	0.000230202555248621	0.0017648862569061	0.0029158990331492	0.00237875973756909	0.00306936740331495	0.00107427859116023	0
HD-4-Naive	Healthy	Naive	conv:MiXcr	0.0170481066557685	0.000467071415226535	0.00630546410555822	0.00560485698271842	0.0116767853806634	0.0555814984119575	0.00186828566090614	0.0773003192199913	0.0590845340261564	0.00747314264362456	0.017515178070995	0.0121438567958899	0	0	0.000700607122839802	0	0.029659034866885	0.000233535707613267	0.0380663203409625	0.000467071415226535	0.00957496401214396	0.000233535707613267	0.00116767853806634	0.000233535707613267	0.0238206421765533	0	0.0112097139654368	0	0.00560485698271842	0	0	0.014012142456796	0.00957496401214396	0	0.132648281924336	0.0836057833255495	0.0973843900747322	0	0.00163474995329287	0	0.00350303561419901	0.000467071415226535	0.0553479627043442	0.000467071415226535	0.00280242849135921	0.00093414283045307	0	0.000233535707613267	0.00233535707613267	0.0182157851938349	0	0.0247547850070064	0.0203176065623543	0.00373657132181228	0.000467071415226535	0.0123773925035032	0.0298925705744983	0.000233535707613267	0.0112097139654368	0	0.00607192839794496	0.00957496401214396	0.0014012142456796	0	0.000233535707613267	0.0100420354273705	0.0212517493928074	0	0.00700607122839803	0.00210182136851941	0	0.00163474995329287	0.000233535707613267	0.00163474995329287	0.00256889278374594	0.000233535707613267	0.00303596419897248	0	0.000467071415226535	0.00397010702942555	0.00093414283045307	0.00186828566090614	0.000467071415226535	0.00607192839794496	0
HD-5-Bright	Healthy	Bright	conv:MiXcr	0.0206555884149085	0.000224517265379438	0.00770842611136072	0.00673551796138315	0.00673551796138315	0.00785810428828034	0.000149678176919626	0.0536596264256852	0.0633138688370007	0.0101781160305346	0.00261936809609345	0.0205807493264487	0	0.000149678176919626	0.00127226450381682	0	0.00314324171531214	0.000149678176919626	0.0253704509878767	0	0.000748390884598128	0	0.00179613812303551	0	0.0252207728109571	0	0.0177368639649757	0	0.00104774723843738	0	0	0.00845681699595885	0.0105523114728336	0.000748390884598128	0.0695255131791649	0.0865888253480018	0.102305033924562	0	0.000149678176919626	0.000523873619218689	0.00246968991917382	0.000748390884598128	0.085690756286484	0.000898069061517753	0.00172129903457569	0.000972908149977566	0	0	0.000972908149977566	0.0413860159182763	0	0.0319562907723403	0.0233497955994617	0.00553809254602615	0.000748390884598128	0.0289627272339478	0.0841191354288279	0.00142194268073644	0.0386918087337231	7.48390884598128e-05	0.0202813929726094	0.0064361616075439	0.00426582804220933	0	0	0.00478970166142802	0.0139200704535252	7.48390884598128e-05	0.00516389710372708	0.000673551796138315	0	0.000972908149977566	7.48390884598128e-05	0.000972908149977566	0.00538841436910652	0.000224517265379438	0.00838197790749904	0	0.000224517265379438	0.00179613812303551	0.0081574606421196	0.00636132251908409	0.00531357528064671	0.000823229973057941	7.48390884598128e-05
HD-5-Naive	Healthy	Naive	conv:MiXcr	0.0245291258869911	0.000438020105124841	0.00560665734559797	0.00481822115637325	0.00481822115637325	0.04038545369251	0.000700832168199746	0.081033719448096	0.0485326276478319	0.0057818653876479	0.0104248785019712	0.0141918514060449	0	0	0.00157687237844943	0	0.0218134012352171	0.000788436189224714	0.0337275480946127	0.000876040210249682	0.00376697290407363	0	0.00113885227332459	0.000262812063074905	0.0227770454664917	8.76040210249682e-05	0.00735873776609733	0	0.00692071766097249	0	0	0.0112133146911959	0.0129653951116953	0.000613228147174777	0.0918090140341671	0.0888304773193182	0.0692071766097245	8.76040210249682e-05	0.000175208042049936	0	0.00402978496714854	8.76040210249682e-05	0.0516863724047308	0.000700832168199746	0.00131406031537452	0.000613228147174777	0	0.000175208042049936	0.00324134877792382	0.0528252246780554	0	0.0473937753745074	0.0237406896977664	0.00648269755584765	0	0.0182216363731934	0.0487954397109068	0.000438020105124841	0.024791937950066	0	0.0100744624178713	0.0154183077003944	0.00341655681997376	0	0.000262812063074905	0.0155935157424443	0.0241787098028912	8.76040210249682e-05	0.00981165035479644	0.000700832168199746	8.76040210249682e-05	0.0019272884625493	0	0.000788436189224714	0.00096364423127465	0.000438020105124841	0.0019272884625493	0	0.000175208042049936	0.00394218094612357	0.00245291258869911	0.00219010052562421	0.0019272884625493	0.00183968444152433	0
Infected-2-Bright	Infected	Bright	conv:MiXcr	0.0298057168215278	0.000362012754917342	0.0095330025461567	0.00675757142512372	0.00724025509834685	0.0158078902980573	0.000844696428140466	0.117774816266443	0.0725232219017746	0.00337878571256186	0.00289610203933874	0.0557499642572706	0	0.000362012754917342	0.00132738010136359	0	0.00917098979123935	0	0.0696271198624358	0.000120670918305781	0.000120670918305781	0	0.00229274744780984	0	0.043441530590081	0	0.0305297423313626	0.000965367346446246	0.000482683673223123	0	0	0.0205140561119827	0.0464583035477255	0.0121877627488839	0.0606974719078076	0.0394593902859903	0.0456136071195851	0	0	0	0.00168939285628093	0	0.241945191203094	0.000241341836611562	0.000844696428140466	0.000482683673223123	0	0	0	0.00132738010136359	0	0.00120670918305781	0.00108603826475203	0.000120670918305781	0	0.000965367346446246	0.0150838647882226	0	0.00434415305900811	0	0.000362012754917342	0.012670446422107	0.000362012754917342	0	0	0.00301677295764452	0.000482683673223123	0	0.00458549489561967	0.000241341836611562	0	0	0	0	0.000362012754917342	0	0.00144805101966937	0	0	0.000120670918305781	0.000241341836611562	0.000482683673223123	0	0.000241341836611562	0
Infected-2-Naive	Infected	Naive	conv:MiXcr	0.0184233816829054	0.000177147900797167	0.00797165553587253	0.00797165553587253	0.00744021183348102	0.0248007061116034	0.00124003530558017	0.0758193015411879	0.0809565906643059	0.00301151431355184	0.0281665162267496	0.0253321498139949	0	0	0.000708591603188669	0	0.01062887404783	0.00141718320637734	0.0407440171833484	0.000531443702391502	0.000708591603188669	0	0.000177147900797167	0	0.0377325028697966	0	0.0168290505757309	0	0.00779450763507536	0	0	0.0187776774844997	0.0134632404605847	0.00141718320637734	0.127546488573961	0.0903454294065555	0.0531443702391501	0	0.000531443702391502	0	0.00248007061116034	0.000177147900797167	0.177502196598761	0.000885739503985836	0.000885739503985836	0.000354295801594335	0	0	0	0.000354295801594335	0	0.000885739503985836	0.00797165553587253	0	0	0.00141718320637734	0.0157661631709479	0	0.00442869751992918	0	0.000177147900797167	0.0416297566873343	0.00602302862710369	0	0	0.011691761452613	0.000531443702391502	0.000354295801594335	0.0100974303454385	0.000354295801594335	0	0.00194862690876884	0	0	0	0.000708591603188669	0.00531443702391502	0	0.000177147900797167	0	0.000177147900797167	0.00248007061116034	0	0.00141718320637734	0
Infected-3-Bright	Infected	Bright	conv:MiXcr	0.00869488759002292	0.000966098621113659	0.0079044432636572	0.00439135736869845	0.0101001219480064	0.00263481442121907	8.7827147373969e-05	0.0389952534340422	0.0678903849200779	0.0050939745476902	0.00087827147373969	0.0162480222641842	0.000175654294747938	0.0117688377481118	0.000263481442121907	0	0.00149306150535747	8.7827147373969e-05	0.0236255026435976	8.7827147373969e-05	0.000614790031617783	0.000263481442121907	0.000439135736869845	8.7827147373969e-05	0.0159845408220623	0.00412787592657654	0.0132618992534693	0	0.000175654294747938	0	8.7827147373969e-05	0.00816792470577911	0.00122958006323557	0.000439135736869845	0.0631477189618836	0.0584928801510633	0.0492710296767965	0	0.000175654294747938	0.000702617178991752	8.7827147373969e-05	8.7827147373969e-05	0.119005784691728	0.000175654294747938	0.00228350583172319	0.000351308589495876	0	8.7827147373969e-05	0.000263481442121907	0.0380291548129285	8.7827147373969e-05	0.0544528313718607	0.0375900190760587	0.00316177730546288	0.000439135736869845	0.0266116256543126	0.0898471717635701	0.00131740721060954	0.0828209999736526	0	0.0238889840857195	0.0173897751800458	0.00658703605304767	0	0.000614790031617783	0.00570876457930798	0.0161601951168103	0	0.0093096776216407	0.000439135736869845	0	0.00149306150535747	0	0.0011417529158616	0.00360091304233273	0	0.0135253806955912	8.7827147373969e-05	0.000351308589495876	0.00491832025294226	0.00658703605304767	0.00799227041103117	0.00324960445283685	0.00219567868434923	0
Infected-3-Naive	Infected	Naive	conv:MiXcr	0.0110431733404044	0.000935862147491901	0.0038058393998004	0.00218367834414777	0.00511604640628905	0.0124781619665587	0.000311954049163967	0.031133014106564	0.0671325113800853	0.00361866697030202	0.0207761396743203	0.0156600932680311	0	0.0146618403107064	0.000436735668829554	6.23908098327934e-05	0.00530321883578743	0.000311954049163967	0.0255802320314454	0.00056151728849514	0.00542800045545302	6.23908098327934e-05	0.000623908098327934	0.00018717242949838	0.0165335646056902	0.0074868971799352	0.0119166446780635	0	0.00205889672448218	0	0	0.00979535714374855	0.00386823020963319	0.000499126478662347	0.060581476347642	0.0659470859932623	0.0374344858996759	0	0.000311954049163967	0.000811080527826314	0.000998252957324694	6.23908098327934e-05	0.0990766060144752	0.000499126478662347	0.00137259781632145	0.00037434485899676	0	0.000124781619665587	0.00355627616046922	0.0409283712503123	0.000249563239331173	0.0223359099201401	0.0280758644247571	0.00748689717993519	0.000124781619665587	0.0319440946343903	0.0693161897242332	0.000873471337659107	0.095145984995009	0	0.0182181164711757	0.0355003707948593	0.0100449203830797	6.23908098327934e-05	0.00106064376715749	0.0143498862615425	0.0216496110119794	0.00056151728849514	0.0246443698839535	0.000436735668829554	0	0.00106064376715749	6.23908098327934e-05	0.00124781619665587	6.23908098327934e-05	0.00056151728849514	0.00449213830796112	6.23908098327934e-05	0.000249563239331173	0.0038058393998004	0.00499126478662347	0.00368105778013481	0.00143498862615425	0.00455452911779392	0
Infected-4-Bright	Infected	Bright	conv:MiXcr	0.0113785105930924	0.000402779136038669	0.00412848614439636	0.00372570700835769	0.0055382131205317	0.00765280358473472	0	0.0362501222434801	0.064948135686236	0.00392709657637703	0.00191320089618368	0.0153056071694694	0	0.00563890790454137	0.000805558272077338	0	0.00322223308830935	0	0.0208438202900011	0.000201389568019334	0.000100694784009667	0	0.000402779136038669	0.000201389568019334	0.0211459046420301	0.0139965749773438	0.0215486837780687	0	0.000906253056087005	0	0	0.00775349836874438	0.00855905664082172	0.000604168704058003	0.0601147860537719	0.0821669437518889	0.0546772677172496	0	0.000100694784009667	0.000402779136038669	0.00120833740811601	0	0.210653488148226	0.000402779136038669	0.000704863488067671	0	0	0	0.000201389568019334	0.034135531779277	0	0.031416772611016	0.0318195517470546	0.00412848614439636	0.000503473920048336	0.0248716116503877	0.0811599959117927	0.00171181132816434	0.0500453076528049	0.000302084352029002	0.0227570211861847	0.00533682355251237	0.000503473920048336	0.000100694784009667	0.000805558272077338	0.00372570700835769	0.00483334963246403	0	0.00322223308830935	0.000604168704058003	0	0.00100694784009667	0	0	0.00694794009666705	0	0.00372570700835769	0.000100694784009667	0.000100694784009667	0.00120833740811601	0.00503473920048337	0.0043298757124157	0.00342362265632869	0.000402779136038669	0
Infected-4-Naive	Infected	Naive	conv:MiXcr	0.0111320420448709	0.00154135966775135	0.00385339916937837	0.0032539815208084	0.00513786555917116	0.0120739840640522	0.000256893277958558	0.034338068153794	0.054718268205173	0.00265456387223843	0.0144716546583321	0.0134440815464979	0	0.0103613622109952	0.000770679833875674	0	0.00779242943140961	0.000171262185305705	0.0243192303134102	0.00119883529713994	0.00368213698407266	0	0.000171262185305705	0.000256893277958558	0.0171262185305706	0.00950505128446666	0.00941942019181381	8.56310926528527e-05	0.00214077731632132	0	0	0.00967631346977236	0.00685048741222822	0.000513786555917116	0.0490666160900847	0.0542901127419087	0.0415310799366336	8.56310926528527e-05	0.000171262185305705	0	0.00196951513101561	0.000256893277958558	0.114488770876863	0.000599417648569969	0.00111320420448709	0.000428155463264263	0	0	0.00188388403836276	0.0417879732145922	8.56310926528527e-05	0.02791573620483	0.0316835042815555	0.00590854539304684	0.000428155463264263	0.0292858336872757	0.0867442968573385	0.00205514622366846	0.117914014582976	0	0.0169549563452649	0.0234629193868817	0.0032539815208084	0	0.00299708824284984	0.016269907604042	0.0119027218787465	0.000342524370611411	0.0244904924987159	0.00214077731632132	0	0.00102757311183423	8.56310926528527e-05	0	0.000770679833875674	0.000599417648569969	0.00556602102243543	0	0.000171262185305705	0.00291145715019699	0.00419592353998978	0.00582291430039399	0.00282582605754414	0.00359650589141981	0
Infected-5-Bright	Infected	Bright	conv:MiXcr	0.0350404277628036	0.00134770876010783	0.00269541752021566	0.00404312628032349	0.00943396132075482	0.00673854380053915	0	0.0835579431266855	0.0363881365229114	0	0.0188679226415096	0.0215633401617253	0.00134770876010783	0.00808625256064698	0.00134770876010783	0	0.00539083504043132	0	0.0377358452830193	0	0.00808625256064698	0	0	0	0.0458220978436663	0	0.0242587576819409	0	0	0	0	0.0134770876010783	0.0175202138814018	0	0.00808625256064698	0.00673854380053915	0.0781671080862542	0	0	0	0.00134770876010783	0.00134770876010783	0.221024236657684	0.00134770876010783	0	0	0	0	0	0.00269541752021566	0	0.0121293788409705	0.0134770876010783	0	0	0.0121293788409705	0.0566037679245289	0.00269541752021566	0.125336914690028	0	0.0107816700808626	0.016172505121294	0.00134770876010783	0	0	0.0188679226415096	0.00134770876010783	0	0.0134770876010783	0	0	0	0	0	0.00134770876010783	0	0.00404312628032349	0	0	0	0.00134770876010783	0	0	0.00539083504043132	0
Infected-5-Naive	Infected	Naive	conv:MiXcr	0.0153856297345485	0.000264130982567356	0.0027073425713154	0.0064051763272584	0.00699947103803495	0.016838350138669	0.000990491184627586	0.0519017380744856	0.0375726322702065	0.00508452141442161	0.0256867380546754	0.020139987420761	0.000264130982567356	0.00462229219492874	0.000924458438985747	0	0.00845219144215541	0.00066032745641839	0.0352614861727421	0.000726360202060229	0.0103671410657687	6.6032745641839e-05	0.000792392947702068	0.000330163728209195	0.0401479093502383	0	0.0126122544175913	0	0.00277337531695724	0	0	0.0210644458597467	0.0155837279714741	0.00105652393026942	0.00713153652931864	0.00429212846671954	0.055863702812996	0	0	0	0.00257527708003172	0.000462229219492873	0.114963010162441	0.000726360202060229	0.00138668765847862	0.000462229219492873	6.6032745641839e-05	0	0.00112255667591126	0.0215266750792396	6.6032745641839e-05	0.0281299496434235	0.0239038539223458	0.00158478589540414	0.000726360202060229	0.0287242443542001	0.0869651260103011	0.00237717884310621	0.13140516382726	0	0.0213285768423141	0.0321579471275757	0.00336767002773379	0	0.00217908060618069	0.0258188035459591	0.00336767002773379	0.00105652393026942	0.0264130982567357	0.00138668765847862	0	0.000858425693343907	0	0.000858425693343907	0	0.000990491184627586	0.0042260957210777	0.000132065491283678	0.000462229219492873	0.00330163728209195	0.00442419395800322	0.00211304786053885	0.00231114609746437	0.00310353904516644	0
